{"target": [0.0, 1.0, 3.0, 3.0, 1.0, 1.0, 0.0, 2.0, 0.0, 0.0, 0.0, 0.0, 0.0, 1.0, 0.0, 0.0, 0.0, 0.0, 3.0, 0.0, 0.0, 0.0, 1.0, 0.0, 0.0, 0.0, 0.0, 3.0, 0.0, 0.0, 3.0, 0.0, 0.0, 0.0, 0.0, 0.0, 0.0, 0.0, 0.0, 0.0, 0.0, 0.0, 0.0, 0.0, 0.0, 0.0, 0.0, 0.0, 6.0, 1.0, 0.0, 0.0, 6.0, 0.0, 0.0, 0.0, 1.0, 0.0, 0.0, 0.0, 0.0, 0.0, 0.0, 3.0, 0.0, 0.0, 3.0, 0.0, 0.0, 0.0, 0.0, 3.0, 0.0, 3.0, 3.0, 0.0, 1.0, 0.0, 0.0, 0.0, 2.0, 0.0, 0.0, 16.0, 0.0, 0.0, 0.0, 3.0, 3.9000000000000004, 0.0, 0.0, 3.0, 0.0, 1.0, 19.200000000000003, 0.0, 0.0, 0.0, 0.0, 0.0, 0.0, 0.0, 0.0, 0.0, 0.0, 0.0, 0.0, 0.0, 0.0, 0.0, 0.0, 0.0, 0.0, 0.0, 0.0, 0.0, 0.0, 0.0, 0.0, 3.0, 0.0, 0.0, 0.0, 0.0, 0.0, 0.0, 0.0, 0.0, 3.0, 0.0, 3.0, 1.0, 0.0, 3.0, 3.0, 0.0, 2.0, 3.0, 3.0, 3.0, 2.0, 4.0, 2.0, 0.0, 0.0, 0.0, 0.0, 0.0, 0.0, 7.5, 0.0, 0.0, 3.0, 4.0, 5.0, 4.0, 3.0, 4.0, 5.0, 10.0, 9.0, 1.0, 0.0, 4.0, 5.0, 3.0, 5.0, 5.0, 3.9000000000000004, 3.9000000000000004, 3.0, 1.0, 1.0, 1.0, 1.0, 2.0, 8.0, 3.0, 1.0, 0.0, 1.0, 1.0, 0.0, 0.0, 0.0, 0.0, 0.0, 0.0, 0.0, 0.0, 0.0, 0.0, 0.0, 0.0, 0.0, 0.0, 0.0, 0.0, 0.0, 0.0, 30.099999999999998, 25.799999999999997, 36.0, 39.6, 39.2, 30.0, 18.0, 24.0, 38.0, 40.5, 21.0, 11.100000000000001, 24.0, 32.0, 13.0, 20.0, 0.0, 0.0, 0.0, 0.0, 0.0, 0.0, 0.0, 0.0, 8.100000000000001, 2.0, 12.0, 1.0, 1.0, 1.0, 1.0, 0.0, 0.0, 3.0, 4.0, 2.0, 6.0, 0.0, 0.0, 0.0, 16.0, 0.0, 0.0, 2.0, 1.0, 5.0, 2.0, 0.0, 3.0, 2.0, 4.0, 1.0, 6.0, 4.0, 6.8999999999999995, 5.0, 4.0, 0.0, 2.0, 0.0, 1.0, 0.0, 0.0, 4.0], "group": [35, 35, 35, 35, 35, 35, 35, 35, 35, 35, 35, 35, 35, 35, 35, 35, 36, 36, 36, 36, 36, 36, 36, 36, 36, 36, 36, 36, 36, 36, 36, 36, 37, 37, 37, 37, 37, 37, 37, 37, 37, 37, 37, 37, 37, 37, 37, 37, 38, 38, 38, 38, 38, 38, 38, 38, 38, 38, 38, 38, 38, 38, 38, 38, 39, 39, 39, 39, 39, 39, 39, 39, 39, 39, 39, 39, 39, 39, 39, 39, 40, 40, 40, 40, 40, 40, 40, 40, 40, 40, 40, 40, 40, 40, 40, 40, 41, 41, 41, 41, 41, 41, 41, 41, 41, 41, 41, 41, 41, 41, 41, 41, 42, 42, 42, 42, 42, 42, 42, 42, 42, 42, 42, 42, 42, 42, 42, 42, 43, 43, 43, 43, 43, 43, 43, 43, 44, 44, 44, 44, 44, 44, 44, 44, 44, 44, 44, 44, 44, 44, 44, 44, 45, 45, 45, 45, 45, 45, 45, 45, 45, 45, 45, 45, 45, 45, 45, 45, 46, 46, 46, 46, 46, 46, 46, 46, 46, 46, 46, 46, 46, 46, 46, 46, 47, 47, 47, 47, 47, 47, 47, 47, 47, 47, 47, 47, 47, 47, 47, 47, 48, 48, 48, 48, 48, 48, 48, 48, 48, 48, 48, 48, 48, 48, 48, 48, 49, 49, 49, 49, 49, 49, 49, 49, 50, 50, 50, 50, 50, 50, 50, 50, 50, 50, 50, 50, 50, 50, 50, 50, 51, 51, 51, 51, 51, 51, 51, 51, 52, 52, 52, 52, 52, 52, 52, 52, 52, 52, 52, 52, 52, 52, 52, 52], "data": ["data/Doulch_h00_con_0001.hdr", "data/Doulch_h00_con_0002.hdr", "data/Doulch_h00_con_0003.hdr", "data/Doulch_h00_con_0004.hdr", "data/Doulch_h00_con_0005.hdr", "data/Doulch_h00_con_0006.hdr", "data/Doulch_h00_con_0007.hdr", "data/Doulch_h00_con_0008.hdr", "data/Doulch_h00_con_0009.hdr", "data/Doulch_h00_con_0010.hdr", "data/Doulch_h00_con_0011.hdr", "data/Doulch_h00_con_0012.hdr", "data/Doulch_h00_con_0013.hdr", "data/Doulch_h00_con_0014.hdr", "data/Doulch_h00_con_0015.hdr", "data/Doulch_h00_con_0016.hdr", "data/Doulch_h01_con_0001.hdr", "data/Doulch_h01_con_0002.hdr", "data/Doulch_h01_con_0003.hdr", "data/Doulch_h01_con_0004.hdr", "data/Doulch_h01_con_0005.hdr", "data/Doulch_h01_con_0006.hdr", "data/Doulch_h01_con_0007.hdr", "data/Doulch_h01_con_0008.hdr", "data/Doulch_h01_con_0009.hdr", "data/Doulch_h01_con_0010.hdr", "data/Doulch_h01_con_0011.hdr", "data/Doulch_h01_con_0012.hdr", "data/Doulch_h01_con_0013.hdr", "data/Doulch_h01_con_0014.hdr", "data/Doulch_h01_con_0015.hdr", "data/Doulch_h01_con_0016.hdr", "data/Doulch_h02_con_0001.hdr", "data/Doulch_h02_con_0002.hdr", "data/Doulch_h02_con_0003.hdr", "data/Doulch_h02_con_0004.hdr", "data/Doulch_h02_con_0005.hdr", "data/Doulch_h02_con_0006.hdr", "data/Doulch_h02_con_0007.hdr", "data/Doulch_h02_con_0008.hdr", "data/Doulch_h02_con_0009.hdr", "data/Doulch_h02_con_0010.hdr", "data/Doulch_h02_con_0011.hdr", "data/Doulch_h02_con_0012.hdr", "data/Doulch_h02_con_0013.hdr", "data/Doulch_h02_con_0014.hdr", "data/Doulch_h02_con_0015.hdr", "data/Doulch_h02_con_0016.hdr", "data/Doulch_h03_con_0001.hdr", "data/Doulch_h03_con_0002.hdr", "data/Doulch_h03_con_0003.hdr", "data/Doulch_h03_con_0004.hdr", "data/Doulch_h03_con_0005.hdr", "data/Doulch_h03_con_0006.hdr", "data/Doulch_h03_con_0007.hdr", "data/Doulch_h03_con_0008.hdr", "data/Doulch_h03_con_0009.hdr", "data/Doulch_h03_con_0010.hdr", "data/Doulch_h03_con_0011.hdr", "data/Doulch_h03_con_0012.hdr", "data/Doulch_h03_con_0013.hdr", "data/Doulch_h03_con_0014.hdr", "data/Doulch_h03_con_0015.hdr", "data/Doulch_h03_con_0016.hdr", "data/Doulch_h04_con_0001.hdr", "data/Doulch_h04_con_0002.hdr", "data/Doulch_h04_con_0003.hdr", "data/Doulch_h04_con_0004.hdr", "data/Doulch_h04_con_0005.hdr", "data/Doulch_h04_con_0006.hdr", "data/Doulch_h04_con_0007.hdr", "data/Doulch_h04_con_0008.hdr", "data/Doulch_h04_con_0009.hdr", "data/Doulch_h04_con_0010.hdr", "data/Doulch_h04_con_0011.hdr", "data/Doulch_h04_con_0012.hdr", "data/Doulch_h04_con_0013.hdr", "data/Doulch_h04_con_0014.hdr", "data/Doulch_h04_con_0015.hdr", "data/Doulch_h04_con_0016.hdr", "data/Doulch_h05_con_0001.hdr", "data/Doulch_h05_con_0002.hdr", "data/Doulch_h05_con_0003.hdr", "data/Doulch_h05_con_0004.hdr", "data/Doulch_h05_con_0005.hdr", "data/Doulch_h05_con_0006.hdr", "data/Doulch_h05_con_0007.hdr", "data/Doulch_h05_con_0008.hdr", "data/Doulch_h05_con_0009.hdr", "data/Doulch_h05_con_0010.hdr", "data/Doulch_h05_con_0011.hdr", "data/Doulch_h05_con_0012.hdr", "data/Doulch_h05_con_0013.hdr", "data/Doulch_h05_con_0014.hdr", "data/Doulch_h05_con_0015.hdr", "data/Doulch_h05_con_0016.hdr", "data/Doulch_h06_con_0001.hdr", "data/Doulch_h06_con_0002.hdr", "data/Doulch_h06_con_0003.hdr", "data/Doulch_h06_con_0004.hdr", "data/Doulch_h06_con_0005.hdr", "data/Doulch_h06_con_0006.hdr", "data/Doulch_h06_con_0007.hdr", "data/Doulch_h06_con_0008.hdr", "data/Doulch_h06_con_0009.hdr", "data/Doulch_h06_con_0010.hdr", "data/Doulch_h06_con_0011.hdr", "data/Doulch_h06_con_0012.hdr", "data/Doulch_h06_con_0013.hdr", "data/Doulch_h06_con_0014.hdr", "data/Doulch_h06_con_0015.hdr", "data/Doulch_h06_con_0016.hdr", "data/Doulch_h07_con_0001.hdr", "data/Doulch_h07_con_0002.hdr", "data/Doulch_h07_con_0003.hdr", "data/Doulch_h07_con_0004.hdr", "data/Doulch_h07_con_0005.hdr", "data/Doulch_h07_con_0006.hdr", "data/Doulch_h07_con_0007.hdr", "data/Doulch_h07_con_0008.hdr", "data/Doulch_h07_con_0009.hdr", "data/Doulch_h07_con_0010.hdr", "data/Doulch_h07_con_0011.hdr", "data/Doulch_h07_con_0012.hdr", "data/Doulch_h07_con_0013.hdr", "data/Doulch_h07_con_0014.hdr", "data/Doulch_h07_con_0015.hdr", "data/Doulch_h07_con_0016.hdr", "data/Doulch_h08_con_0009.hdr", "data/Doulch_h08_con_0010.hdr", "data/Doulch_h08_con_0011.hdr", "data/Doulch_h08_con_0012.hdr", "data/Doulch_h08_con_0013.hdr", "data/Doulch_h08_con_0014.hdr", "data/Doulch_h08_con_0015.hdr", "data/Doulch_h08_con_0016.hdr", "data/Doulch_h09_con_0001.hdr", "data/Doulch_h09_con_0002.hdr", "data/Doulch_h09_con_0003.hdr", "data/Doulch_h09_con_0004.hdr", "data/Doulch_h09_con_0005.hdr", "data/Doulch_h09_con_0006.hdr", "data/Doulch_h09_con_0007.hdr", "data/Doulch_h09_con_0008.hdr", "data/Doulch_h09_con_0009.hdr", "data/Doulch_h09_con_0010.hdr", "data/Doulch_h09_con_0011.hdr", "data/Doulch_h09_con_0012.hdr", "data/Doulch_h09_con_0013.hdr", "data/Doulch_h09_con_0014.hdr", "data/Doulch_h09_con_0015.hdr", "data/Doulch_h09_con_0016.hdr", "data/Doulch_h10_con_0001.hdr", "data/Doulch_h10_con_0002.hdr", "data/Doulch_h10_con_0003.hdr", "data/Doulch_h10_con_0004.hdr", "data/Doulch_h10_con_0005.hdr", "data/Doulch_h10_con_0006.hdr", "data/Doulch_h10_con_0007.hdr", "data/Doulch_h10_con_0008.hdr", "data/Doulch_h10_con_0009.hdr", "data/Doulch_h10_con_0010.hdr", "data/Doulch_h10_con_0011.hdr", "data/Doulch_h10_con_0012.hdr", "data/Doulch_h10_con_0013.hdr", "data/Doulch_h10_con_0014.hdr", "data/Doulch_h10_con_0015.hdr", "data/Doulch_h10_con_0016.hdr", "data/Doulch_h12_con_0001.hdr", "data/Doulch_h12_con_0002.hdr", 